Name,Pos,Team,Salary,My_Proj,Source,ML_Prediction,PPG_Projection,Prob_Over_5,Prob_Over_10,Prob_Over_15,Prob_Over_20,Prob_Over_25,Prob_Over_30,Prob_Over_35,Prob_Over_40,Prob_Over_45,Prob_Over_50
Tyler Glasnow,P,LAD,10500,20.4,PPG_Projection,20.4,20.4,,,,,,,,,,
Carlos Rodon,P,NYY,10300,17.4,PPG_Projection,17.4,17.4,,,,,,,,,,
Myles Straw,OF,TOR,3000,17.343397439468575,ML_Model,17.343397439468575,5.4,93.9%,82.1%,61.5%,37.0%,16.9%,5.7%,1.4%,0.2%,0.0%,0.0%
Mookie Betts,SS,LAD,5200,16.55745909475703,ML_Model,16.55745909475703,9.7,92.6%,79.4%,57.7%,33.3%,14.6%,4.6%,1.1%,0.2%,0.0%,0.0%
Kody Clemens,1B,MIN,3300,16.51289944645557,ML_Model,16.51289944645557,6.9,92.5%,79.2%,57.5%,33.1%,14.4%,4.6%,1.0%,0.2%,0.0%,0.0%
Jorge Soler,OF,LAA,3600,16.450762250827843,ML_Model,16.450762250827843,1.5,92.4%,79.0%,57.2%,32.9%,14.3%,4.5%,1.0%,0.2%,0.0%,0.0%
Gabriel Moreno,C,ARI,4200,16.147192559769515,ML_Model,16.147192559769515,7.4,91.8%,77.9%,55.7%,31.5%,13.4%,4.2%,0.9%,0.1%,0.0%,0.0%
Jo Adell,OF,LAA,4700,15.73482694462918,ML_Model,15.73482694462918,9.2,91.0%,76.3%,53.7%,29.7%,12.3%,3.7%,0.8%,0.1%,0.0%,0.0%
Shane Bieber,P,TOR,10100,15.2,PPG_Projection,15.2,15.2,,,,,,,,,,
Brice Matthews,2B,HOU,3100,15.185737477998009,ML_Model,15.185737477998009,1.5,89.9%,74.2%,50.9%,27.4%,11.0%,3.2%,0.7%,0.1%,0.0%,0.0%
Coby Mayo,1B,BAL,2400,14.918243220281076,ML_Model,14.918243220281076,6.2,89.2%,73.1%,49.6%,26.3%,10.4%,3.0%,0.6%,0.1%,0.0%,0.0%
Framber Valdez,P,HOU,9200,14.9,PPG_Projection,14.9,14.9,,,,,,,,,,
George Kirby,P,SEA,9900,14.8,PPG_Projection,14.8,14.8,,,,,,,,,,
Jack Leiter,P,TEX,8000,14.8,PPG_Projection,14.8,14.8,,,,,,,,,,
Yu Darvish,P,SD,7400,14.5,PPG_Projection,14.5,14.5,,,,,,,,,,
Jerar Encarnacion,OF,SF,2800,14.487484251264185,ML_Model,14.487484251264185,1.5,88.2%,71.3%,47.4%,24.5%,9.4%,2.6%,0.5%,0.1%,0.0%,0.0%
Salvador Perez,C,KC,4100,14.315956692828454,ML_Model,14.315956692828454,7.4,87.8%,70.5%,46.6%,23.9%,9.1%,2.5%,0.5%,0.1%,0.0%,0.0%
Aaron Nola,P,PHI,7600,14.3,PPG_Projection,14.3,14.3,,,,,,,,,,
Yainer Diaz,C,HOU,3100,13.968784149714814,ML_Model,13.968784149714814,6.5,86.9%,69.0%,44.9%,22.5%,8.4%,2.3%,0.4%,0.1%,0.0%,0.0%
Zac Gallen,P,ARI,8000,13.9,PPG_Projection,13.9,13.9,,,,,,,,,,
Otto Kemp,3B,PHI,3100,13.890797328349004,ML_Model,13.890797328349004,1.5,86.7%,68.7%,44.5%,22.3%,8.2%,2.2%,0.4%,0.1%,0.0%,0.0%
Kyle Schwarber,OF,PHI,5800,13.656429363954445,ML_Model,13.656429363954445,9.5,86.0%,67.6%,43.3%,21.4%,7.8%,2.1%,0.4%,0.0%,0.0%,0.0%
Brandon Marsh,OF,PHI,3400,13.429306503018664,ML_Model,13.429306503018664,8.8,85.4%,66.6%,42.2%,20.6%,7.4%,1.9%,0.4%,0.0%,0.0%,0.0%
Junior Caminero,3B,TB,5800,13.417566878813764,ML_Model,13.417566878813764,8.0,85.4%,66.5%,42.2%,20.5%,7.4%,1.9%,0.3%,0.0%,0.0%,0.0%
Trea Turner,SS,PHI,4600,13.326177563384524,ML_Model,13.326177563384524,1.5,85.1%,66.1%,41.7%,20.2%,7.2%,1.9%,0.3%,0.0%,0.0%,0.0%
Patrick Bailey,C,SF,2500,13.306086678459495,ML_Model,13.306086678459495,4.9,85.0%,66.0%,41.6%,20.1%,7.2%,1.8%,0.3%,0.0%,0.0%,0.0%
Caleb Durbin,3B,MIL,3600,13.289476514543962,ML_Model,13.289476514543962,6.9,85.0%,66.0%,41.5%,20.1%,7.2%,1.8%,0.3%,0.0%,0.0%,0.0%
Geraldo Perdomo,SS,ARI,5200,13.23266203139816,ML_Model,13.23266203139816,8.7,84.8%,65.7%,41.3%,19.9%,7.1%,1.8%,0.3%,0.0%,0.0%,0.0%
Mickey Moniak,OF,COL,4100,12.978500901000425,ML_Model,12.978500901000425,9.5,84.1%,64.5%,40.0%,19.0%,6.6%,1.7%,0.3%,0.0%,0.0%,0.0%
Logan Allen,P,CLE,7200,12.8,PPG_Projection,12.8,12.8,,,,,,,,,,
Christopher Morel,OF,TB,3700,12.757878123173835,ML_Model,12.757878123173835,6.7,83.4%,63.5%,39.0%,18.3%,6.3%,1.6%,0.3%,0.0%,0.0%,0.0%
Tristan Gray,2B,TB,3400,12.736369110815168,ML_Model,12.736369110815168,1.5,83.3%,63.4%,38.9%,18.2%,6.3%,1.5%,0.3%,0.0%,0.0%,0.0%
Zach Cole,OF,HOU,2500,12.659556152219396,ML_Model,12.659556152219396,5.6,83.1%,63.0%,38.5%,17.9%,6.1%,1.5%,0.3%,0.0%,0.0%,0.0%
Bailey Ober,P,MIN,6900,12.6,PPG_Projection,12.6,12.6,,,,,,,,,,
Marcus Semien,2B,TEX,3500,12.554623508984392,ML_Model,12.554623508984392,1.5,82.7%,62.5%,38.0%,17.6%,6.0%,1.5%,0.3%,0.0%,0.0%,0.0%
Jordan Westburg,3B,BAL,4500,12.497878677039411,ML_Model,12.497878677039411,8.4,82.6%,62.3%,37.7%,17.4%,5.9%,1.4%,0.2%,0.0%,0.0%,0.0%
Slade Cecconi,P,CLE,7500,12.4,PPG_Projection,12.4,12.4,,,,,,,,,,
Fernando Tatis Jr.,OF,SD,5500,12.399196387376978,ML_Model,12.399196387376978,10.3,82.2%,61.8%,37.3%,17.1%,5.8%,1.4%,0.2%,0.0%,0.0%,0.0%
Shohei Ohtani,1B,LAD,6700,12.360873670212168,ML_Model,12.360873670212168,12.3,82.1%,61.6%,37.1%,17.0%,5.7%,1.4%,0.2%,0.0%,0.0%,0.0%
Tyler Black,1B,MIL,2700,12.244903904042305,ML_Model,12.244903904042305,1.5,81.7%,61.0%,36.5%,16.6%,5.5%,1.3%,0.2%,0.0%,0.0%,0.0%
Cal Raleigh,C,SEA,6400,12.103290780942462,ML_Model,12.103290780942462,8.0,81.3%,60.4%,35.9%,16.2%,5.3%,1.3%,0.2%,0.0%,0.0%,0.0%
Davis Schneider,2B,TOR,3500,12.06600686263962,ML_Model,12.06600686263962,7.1,81.1%,60.2%,35.7%,16.1%,5.3%,1.2%,0.2%,0.0%,0.0%,0.0%
Bryce Harper,1B,PHI,5200,12.017537136923696,ML_Model,12.017537136923696,9.9,81.0%,60.0%,35.5%,15.9%,5.2%,1.2%,0.2%,0.0%,0.0%,0.0%
Adrian Houser,P,TB,7800,11.9,PPG_Projection,11.9,11.9,,,,,,,,,,
Graham Pauley,3B,MIA,2200,11.756407702540097,ML_Model,11.756407702540097,1.5,80.1%,58.7%,34.3%,15.1%,4.9%,1.1%,0.2%,0.0%,0.0%,0.0%
Noah Cameron,P,KC,8700,11.7,PPG_Projection,11.7,11.7,,,,,,,,,,
Kyle Harrison,P,BOS,6600,11.7,PPG_Projection,11.7,11.7,,,,,,,,,,
Nick Loftin,3B,KC,2200,11.28674757312534,ML_Model,11.28674757312534,1.5,78.4%,56.4%,32.1%,13.8%,4.3%,1.0%,0.2%,0.0%,0.0%,0.0%
George Springer,OF,TOR,5400,11.02598262437411,ML_Model,11.02598262437411,9.1,77.4%,55.1%,31.0%,13.1%,4.0%,0.9%,0.1%,0.0%,0.0%,0.0%
Vinnie Pasquantino,1B,KC,4500,10.882231269570743,ML_Model,10.882231269570743,8.6,76.9%,54.4%,30.3%,12.7%,3.9%,0.8%,0.1%,0.0%,0.0%,0.0%
Andrew Vaughn,1B,MIL,3300,10.816387841039068,ML_Model,10.816387841039068,1.5,76.6%,54.1%,30.1%,12.5%,3.8%,0.8%,0.1%,0.0%,0.0%,0.0%
Max Kepler,OF,PHI,3500,10.67554319418956,ML_Model,10.67554319418956,6.9,76.1%,53.4%,29.4%,12.2%,3.7%,0.8%,0.1%,0.0%,0.0%,0.0%
Yoendrys Gomez,P,CWS,6300,10.6,PPG_Projection,10.6,10.6,,,,,,,,,,
Eric Wagaman,1B,MIA,3200,10.50351262086702,ML_Model,10.50351262086702,7.4,75.4%,52.5%,28.7%,11.8%,3.5%,0.7%,0.1%,0.0%,0.0%,0.0%
Jorge Polanco,2B,SEA,4300,10.229848677039143,ML_Model,10.229848677039143,6.5,74.3%,51.1%,27.5%,11.1%,3.2%,0.7%,0.1%,0.0%,0.0%,0.0%
Harrison Bader,OF,PHI,4000,10.136827531283831,ML_Model,10.136827531283831,8.8,74.0%,50.7%,27.2%,10.9%,3.2%,0.7%,0.1%,0.0%,0.0%,0.0%
James McCann,C,ARI,3000,10.118408937472246,ML_Model,10.118408937472246,6.1,73.9%,50.6%,27.1%,10.8%,3.1%,0.6%,0.1%,0.0%,0.0%,0.0%
Tomoyuki Sugano,P,BAL,6800,10.1,PPG_Projection,10.1,10.1,,,,,,,,,,
Xavier Edwards,2B,MIA,4000,10.068676569380663,ML_Model,10.068676569380663,6.2,73.7%,50.3%,26.9%,10.7%,3.1%,0.6%,0.1%,0.0%,0.0%,0.0%
Ryan Fitzgerald,3B,MIN,2800,9.822628296425233,ML_Model,9.822628296425233,5.1,72.7%,49.1%,25.9%,10.2%,2.9%,0.6%,0.1%,0.0%,0.0%,0.0%
Kai-Wei Teng,P,SF,6100,9.8,PPG_Projection,9.8,9.8,,,,,,,,,,
Maikel Garcia,3B,KC,4800,9.680802245381363,ML_Model,9.680802245381363,7.0,72.1%,48.4%,25.3%,9.9%,2.8%,0.6%,0.1%,0.0%,0.0%,0.0%
Jackson Chourio,OF,MIL,5200,9.679016993931905,ML_Model,9.679016993931905,9.0,72.1%,48.4%,25.3%,9.9%,2.8%,0.6%,0.1%,0.0%,0.0%,0.0%
Josh Naylor,1B,SEA,4700,9.44521820326355,ML_Model,9.44521820326355,7.2,71.1%,47.2%,24.4%,9.4%,2.6%,0.5%,0.1%,0.0%,0.0%,0.0%
Blaine Crim,1B,COL,3400,9.409751199625967,ML_Model,9.409751199625967,7.5,70.9%,47.1%,24.2%,9.3%,2.6%,0.5%,0.1%,0.0%,0.0%,0.0%
German Marquez,P,COL,4800,9.4,PPG_Projection,9.4,9.4,,,,,,,,,,
Adam Mazur,P,MIA,6000,9.4,PPG_Projection,9.4,9.4,,,,,,,,,,
Jonathan Aranda,1B,TB,3900,9.39145113609684,ML_Model,9.39145113609684,1.5,70.8%,47.0%,24.2%,9.2%,2.6%,0.5%,0.1%,0.0%,0.0%,0.0%
Freddie Freeman,1B,LAD,4600,9.281875530957238,ML_Model,9.281875530957238,9.6,70.4%,46.4%,23.7%,9.0%,2.5%,0.5%,0.1%,0.0%,0.0%,0.0%
Bobby Witt Jr.,SS,KC,5800,9.218885889116228,ML_Model,9.218885889116228,9.7,70.1%,46.1%,23.5%,8.9%,2.4%,0.5%,0.1%,0.0%,0.0%,0.0%
Jose Ramirez,3B,CLE,5600,9.2,PPG_Projection,9.2,9.2,,,,,,,,,,
Willson Contreras,1B,STL,4000,9.179003498285777,ML_Model,9.179003498285777,1.5,69.9%,45.9%,23.3%,8.8%,2.4%,0.5%,0.1%,0.0%,0.0%,0.0%
Miguel Rojas,2B,LAD,2600,9.173326787597532,ML_Model,9.173326787597532,1.5,69.9%,45.9%,23.3%,8.8%,2.4%,0.5%,0.1%,0.0%,0.0%,0.0%
Christian Walker,1B,HOU,3500,9.096617699157752,ML_Model,9.096617699157752,6.2,69.6%,45.5%,23.0%,8.6%,2.3%,0.4%,0.1%,0.0%,0.0%,0.0%
Austin Wells,C,NYY,3500,9.007085198550017,ML_Model,9.007085198550017,6.5,69.2%,45.1%,22.7%,8.5%,2.3%,0.4%,0.1%,0.0%,0.0%,0.0%
Chad Patrick,P,MIL,8300,9.0,PPG_Projection,9.0,9.0,,,,,,,,,,
Luis Robert Jr.,OF,CWS,4400,8.971451738376881,ML_Model,8.971451738376881,1.5,69.0%,44.9%,22.6%,8.4%,2.3%,0.4%,0.1%,0.0%,0.0%,0.0%
Jazz Chisholm Jr.,2B,NYY,5400,8.958142431287179,ML_Model,8.958142431287179,8.3,69.0%,44.8%,22.5%,8.4%,2.2%,0.4%,0.1%,0.0%,0.0%,0.0%
James Outman,OF,MIN,2100,8.933616865153446,ML_Model,8.933616865153446,5.2,68.9%,44.7%,22.4%,8.3%,2.2%,0.4%,0.1%,0.0%,0.0%,0.0%
Willy Adames,SS,SF,4200,8.922289868860217,ML_Model,8.922289868860217,6.8,68.8%,44.6%,22.4%,8.3%,2.2%,0.4%,0.1%,0.0%,0.0%,0.0%
Joc Pederson,OF,TEX,3000,8.883956941933139,ML_Model,8.883956941933139,7.2,68.6%,44.5%,22.2%,8.2%,2.2%,0.4%,0.1%,0.0%,0.0%,0.0%
Logan Davidson,1B,LAA,3000,8.846025889727748,ML_Model,8.846025889727748,1.5,68.5%,44.3%,22.1%,8.2%,2.2%,0.4%,0.1%,0.0%,0.0%,0.0%
Ildemaro Vargas,1B,ARI,3100,8.792006440138277,ML_Model,8.792006440138277,1.5,68.2%,44.0%,21.9%,8.1%,2.1%,0.4%,0.1%,0.0%,0.0%,0.0%
Bryson Stott,2B,PHI,4300,8.78416573784404,ML_Model,8.78416573784404,7.3,68.2%,44.0%,21.9%,8.0%,2.1%,0.4%,0.1%,0.0%,0.0%,0.0%
Ramon Laureano,OF,SD,4300,8.7,PPG_Projection,8.7,8.7,,,,,,,,,,
Teoscar Hernandez,OF,LAD,4200,8.7,PPG_Projection,8.7,8.7,,,,,,,,,,
Thomas Saggese,2B,STL,2400,8.676149746874032,ML_Model,8.676149746874032,6.4,67.7%,43.4%,21.5%,7.8%,2.1%,0.4%,0.1%,0.0%,0.0%,0.0%
Kyle Manzardo,1B,CLE,4400,8.660718827660771,ML_Model,8.660718827660771,7.0,67.6%,43.4%,21.4%,7.8%,2.1%,0.4%,0.0%,0.0%,0.0%,0.0%
Jake Burger,1B,TEX,3700,8.641345075660116,ML_Model,8.641345075660116,8.3,67.6%,43.3%,21.3%,7.8%,2.0%,0.4%,0.0%,0.0%,0.0%,0.0%
Manny Machado,3B,SD,5300,8.622542806748704,ML_Model,8.622542806748704,9.4,67.5%,43.2%,21.3%,7.7%,2.0%,0.4%,0.0%,0.0%,0.0%,0.0%
Yandy Diaz,1B,TB,4600,8.6,PPG_Projection,8.6,8.6,,,,,,,,,,
Brice Turang,2B,MIL,4800,8.560006592138313,ML_Model,8.560006592138313,8.2,67.2%,42.9%,21.0%,7.6%,2.0%,0.4%,0.0%,0.0%,0.0%,0.0%
Jackson Holliday,2B,BAL,4600,8.542451839805592,ML_Model,8.542451839805592,7.8,67.1%,42.8%,21.0%,7.6%,2.0%,0.4%,0.0%,0.0%,0.0%,0.0%
Jackson Merrill,OF,SD,4100,8.440483480567817,ML_Model,8.440483480567817,8.4,66.6%,42.3%,20.6%,7.4%,1.9%,0.4%,0.0%,0.0%,0.0%,0.0%
Jhonny Pereda,C,MIN,2300,8.435269577699012,ML_Model,8.435269577699012,4.6,66.6%,42.2%,20.6%,7.4%,1.9%,0.4%,0.0%,0.0%,0.0%,0.0%
Kyle Hendricks,P,LAA,5300,8.4,PPG_Projection,8.4,8.4,,,,,,,,,,
Miles Mikolas,P,STL,5600,8.4,PPG_Projection,8.4,8.4,,,,,,,,,,
Matt Chapman,3B,SF,4400,8.395789678617403,ML_Model,8.395789678617403,7.2,66.4%,42.1%,20.5%,7.3%,1.9%,0.3%,0.0%,0.0%,0.0%,0.0%
Brayan Rocchio,2B,CLE,2200,8.388842050007357,ML_Model,8.388842050007357,4.9,66.4%,42.0%,20.4%,7.3%,1.9%,0.3%,0.0%,0.0%,0.0%,0.0%
Mason McCoy,SS,SD,2300,8.374440209432068,ML_Model,8.374440209432068,1.5,66.3%,41.9%,20.4%,7.3%,1.9%,0.3%,0.0%,0.0%,0.0%,0.0%
Giancarlo Stanton,OF,NYY,5200,8.361170438967076,ML_Model,8.361170438967076,8.6,66.3%,41.9%,20.3%,7.3%,1.9%,0.3%,0.0%,0.0%,0.0%,0.0%
Alejandro Osuna,OF,TEX,2400,8.344646099141357,ML_Model,8.344646099141357,7.0,66.2%,41.8%,20.3%,7.3%,1.9%,0.3%,0.0%,0.0%,0.0%,0.0%
Adolis Garcia,OF,TEX,4200,8.3,PPG_Projection,8.3,8.3,,,,,,,,,,
Byron Buxton,OF,MIN,5700,8.288740138456618,ML_Model,8.288740138456618,9.4,65.9%,41.5%,20.1%,7.2%,1.8%,0.3%,0.0%,0.0%,0.0%,0.0%
Jake Cronenworth,2B,SD,3700,8.271726531051597,ML_Model,8.271726531051597,7.6,65.9%,41.4%,20.0%,7.1%,1.8%,0.3%,0.0%,0.0%,0.0%,0.0%
Zach Neto,SS,LAA,4400,8.232255875583563,ML_Model,8.232255875583563,1.5,65.7%,41.3%,19.9%,7.1%,1.8%,0.3%,0.0%,0.0%,0.0%,0.0%
Alex Bregman,3B,BOS,4800,8.193401392017076,ML_Model,8.193401392017076,7.7,65.5%,41.1%,19.7%,7.0%,1.8%,0.3%,0.0%,0.0%,0.0%,0.0%
Jakob Marsee,OF,MIA,4500,8.162992544402032,ML_Model,8.162992544402032,8.3,65.4%,40.9%,19.6%,6.9%,1.8%,0.3%,0.0%,0.0%,0.0%,0.0%
Dominic Smith,1B,SF,3100,8.126836290161046,ML_Model,8.126836290161046,1.5,65.2%,40.7%,19.5%,6.9%,1.7%,0.3%,0.0%,0.0%,0.0%,0.0%
Kyle Farmer,1B,COL,3000,8.119319289458977,ML_Model,8.119319289458977,1.5,65.2%,40.7%,19.5%,6.9%,1.7%,0.3%,0.0%,0.0%,0.0%,0.0%
Chandler Simpson,OF,TB,4400,8.11365776686797,ML_Model,8.11365776686797,8.6,65.1%,40.7%,19.5%,6.9%,1.7%,0.3%,0.0%,0.0%,0.0%,0.0%
Christian Moore,2B,LAA,3700,8.090225088031925,ML_Model,8.090225088031925,9.5,65.0%,40.6%,19.4%,6.8%,1.7%,0.3%,0.0%,0.0%,0.0%,0.0%
Evan Carter,OF,TEX,3900,8.089098767414225,ML_Model,8.089098767414225,1.5,65.0%,40.6%,19.4%,6.8%,1.7%,0.3%,0.0%,0.0%,0.0%,0.0%
Everson Pereira,OF,TB,2500,8.072349083611389,ML_Model,8.072349083611389,6.5,65.0%,40.5%,19.3%,6.8%,1.7%,0.3%,0.0%,0.0%,0.0%,0.0%
Michael Conforto,OF,LAD,3000,8.03898181992074,ML_Model,8.03898181992074,6.1,64.8%,40.3%,19.2%,6.7%,1.7%,0.3%,0.0%,0.0%,0.0%,0.0%
Agustin Ramirez,C,MIA,3800,8.0,PPG_Projection,8.0,8.0,,,,,,,,,,
Julio Rodriguez,OF,SEA,5500,8.0,PPG_Projection,8.0,8.0,,,,,,,,,,
Ryan McMahon,3B,NYY,3300,7.959275868734574,ML_Model,7.959275868734574,5.7,64.4%,39.9%,18.9%,6.6%,1.7%,0.3%,0.0%,0.0%,0.0%,0.0%
Kyle Stowers,OF,MIA,5300,7.952294046523715,ML_Model,7.952294046523715,1.5,64.4%,39.9%,18.9%,6.6%,1.7%,0.3%,0.0%,0.0%,0.0%,0.0%
J.P. Crawford,SS,SEA,3400,7.936051992158204,ML_Model,7.936051992158204,5.5,64.3%,39.8%,18.9%,6.6%,1.6%,0.3%,0.0%,0.0%,0.0%,0.0%
Nathan Church,OF,STL,2700,7.886580600948786,ML_Model,7.886580600948786,1.5,64.1%,39.6%,18.7%,6.5%,1.6%,0.3%,0.0%,0.0%,0.0%,0.0%
Jac Caglianone,OF,KC,2500,7.881351079242856,ML_Model,7.881351079242856,4.9,64.1%,39.6%,18.7%,6.5%,1.6%,0.3%,0.0%,0.0%,0.0%,0.0%
Jake Meyers,OF,HOU,3200,7.864909504356987,ML_Model,7.864909504356987,6.4,64.0%,39.5%,18.6%,6.5%,1.6%,0.3%,0.0%,0.0%,0.0%,0.0%
Nolan Schanuel,1B,LAA,3400,7.843606765689306,ML_Model,7.843606765689306,9.9,63.9%,39.4%,18.6%,6.4%,1.6%,0.3%,0.0%,0.0%,0.0%,0.0%
Jake Bauers,1B,MIL,3400,7.84192051422817,ML_Model,7.84192051422817,7.0,63.9%,39.4%,18.5%,6.4%,1.6%,0.3%,0.0%,0.0%,0.0%,0.0%
Chris Taylor,2B,LAA,3500,7.837211356252667,ML_Model,7.837211356252667,1.5,63.9%,39.3%,18.5%,6.4%,1.6%,0.3%,0.0%,0.0%,0.0%,0.0%
Will Smith,C,LAD,4700,7.820570302463691,ML_Model,7.820570302463691,1.5,63.8%,39.3%,18.5%,6.4%,1.6%,0.3%,0.0%,0.0%,0.0%,0.0%
Yoan Moncada,3B,LAA,4200,7.8,PPG_Projection,7.8,7.8,,,,,,,,,,
Corey Seager,SS,TEX,4000,7.794525119339084,ML_Model,7.794525119339084,1.5,63.7%,39.1%,18.4%,6.4%,1.6%,0.3%,0.0%,0.0%,0.0%,0.0%
Xander Bogaerts,SS,SD,3100,7.723911865713441,ML_Model,7.723911865713441,1.5,63.3%,38.8%,18.2%,6.2%,1.5%,0.3%,0.0%,0.0%,0.0%,0.0%
Luis Arraez,1B,SD,4200,7.716301593657532,ML_Model,7.716301593657532,8.0,63.3%,38.8%,18.1%,6.2%,1.5%,0.3%,0.0%,0.0%,0.0%,0.0%
Alex Jackson,C,BAL,3300,7.715230150605499,ML_Model,7.715230150605499,6.0,63.3%,38.8%,18.1%,6.2%,1.5%,0.3%,0.0%,0.0%,0.0%,0.0%
Josh Smith,SS,TEX,4000,7.702359064301549,ML_Model,7.702359064301549,7.6,63.2%,38.7%,18.1%,6.2%,1.5%,0.3%,0.0%,0.0%,0.0%,0.0%
Chase Meidroth,2B,CWS,3200,7.680133074055378,ML_Model,7.680133074055378,6.7,63.1%,38.6%,18.0%,6.2%,1.5%,0.3%,0.0%,0.0%,0.0%,0.0%
Brendan Donovan,2B,STL,3400,7.655756582487356,ML_Model,7.655756582487356,7.6,63.0%,38.5%,17.9%,6.1%,1.5%,0.3%,0.0%,0.0%,0.0%,0.0%
Carlos Correa,3B,HOU,3600,7.608567735465765,ML_Model,7.608567735465765,6.8,62.8%,38.2%,17.8%,6.1%,1.5%,0.3%,0.0%,0.0%,0.0%,0.0%
Weston Wilson,2B,PHI,2200,7.604866218109035,ML_Model,7.604866218109035,6.3,62.8%,38.2%,17.8%,6.1%,1.5%,0.3%,0.0%,0.0%,0.0%,0.0%
Wilyer Abreu,OF,BOS,4100,7.6035601161065856,ML_Model,7.6035601161065856,1.5,62.8%,38.2%,17.8%,6.1%,1.5%,0.3%,0.0%,0.0%,0.0%,0.0%
Jeremy Pena,SS,HOU,4400,7.6,PPG_Projection,7.6,7.6,,,,,,,,,,
Ivan Herrera,C,STL,4700,7.6,PPG_Projection,7.6,7.6,,,,,,,,,,
Wyatt Langford,OF,TEX,4700,7.556844789724858,ML_Model,7.556844789724858,8.2,62.5%,38.0%,17.6%,6.0%,1.5%,0.3%,0.0%,0.0%,0.0%,0.0%
Nick Fortes,C,TB,2300,7.554549199265478,ML_Model,7.554549199265478,5.4,62.5%,38.0%,17.6%,6.0%,1.5%,0.3%,0.0%,0.0%,0.0%,0.0%
Yohel Pozo,C,STL,2200,7.503042889954457,ML_Model,7.503042889954457,1.5,62.3%,37.7%,17.4%,5.9%,1.4%,0.2%,0.0%,0.0%,0.0%,0.0%
Freddy Fermin,C,SD,2700,7.482499266086673,ML_Model,7.482499266086673,6.0,62.2%,37.6%,17.4%,5.9%,1.4%,0.2%,0.0%,0.0%,0.0%,0.0%
Corbin Carroll,OF,ARI,6200,7.47986401208529,ML_Model,7.47986401208529,10.5,62.2%,37.6%,17.4%,5.9%,1.4%,0.2%,0.0%,0.0%,0.0%,0.0%
Christian Yelich,OF,MIL,5300,7.474716407361677,ML_Model,7.474716407361677,8.9,62.1%,37.6%,17.3%,5.9%,1.4%,0.2%,0.0%,0.0%,0.0%,0.0%
Nick Castellanos,OF,PHI,3300,7.4617415026622,ML_Model,7.4617415026622,1.5,62.1%,37.6%,17.3%,5.9%,1.4%,0.2%,0.0%,0.0%,0.0%,0.0%
Otto Lopez,SS,MIA,3600,7.446516169688061,ML_Model,7.446516169688061,7.0,62.0%,37.5%,17.3%,5.8%,1.4%,0.2%,0.0%,0.0%,0.0%,0.0%
Orlando Arcia,2B,COL,2800,7.430417056995853,ML_Model,7.430417056995853,1.5,61.9%,37.4%,17.2%,5.8%,1.4%,0.2%,0.0%,0.0%,0.0%,0.0%
Andrew Benintendi,OF,CWS,3300,7.4154600787561264,ML_Model,7.4154600787561264,6.4,61.9%,37.3%,17.2%,5.8%,1.4%,0.2%,0.0%,0.0%,0.0%,0.0%
Jake Mangum,OF,TB,3800,7.395743965289862,ML_Model,7.395743965289862,1.5,61.8%,37.2%,17.1%,5.8%,1.4%,0.2%,0.0%,0.0%,0.0%,0.0%
Blaze Alexander,2B,ARI,3600,7.3782145329068225,ML_Model,7.3782145329068225,6.4,61.7%,37.2%,17.0%,5.7%,1.4%,0.2%,0.0%,0.0%,0.0%,0.0%
Jung Hoo Lee,OF,SF,3500,7.319303645145751,ML_Model,7.319303645145751,6.5,61.4%,36.9%,16.9%,5.6%,1.4%,0.2%,0.0%,0.0%,0.0%,0.0%
Denzer Guzman,SS,LAA,3100,7.3,PPG_Projection,7.3,7.3,,,,,,,,,,
Tim Tawa,1B,ARI,2900,7.283339581086746,ML_Model,7.283339581086746,6.6,61.2%,36.7%,16.7%,5.6%,1.3%,0.2%,0.0%,0.0%,0.0%,0.0%
Troy Johnston,1B,MIA,2800,7.274889090351073,ML_Model,7.274889090351073,1.5,61.2%,36.7%,16.7%,5.6%,1.3%,0.2%,0.0%,0.0%,0.0%,0.0%
Vladimir Guerrero Jr.,1B,TOR,5200,7.250842943941948,ML_Model,7.250842943941948,8.8,61.1%,36.6%,16.6%,5.6%,1.3%,0.2%,0.0%,0.0%,0.0%,0.0%
J.T. Realmuto,C,PHI,3800,7.232204093737303,ML_Model,7.232204093737303,7.4,61.0%,36.5%,16.6%,5.5%,1.3%,0.2%,0.0%,0.0%,0.0%,0.0%
John Rave,OF,KC,2000,7.225158558830516,ML_Model,7.225158558830516,3.6,61.0%,36.4%,16.6%,5.5%,1.3%,0.2%,0.0%,0.0%,0.0%,0.0%
Bo Naylor,C,CLE,3100,7.221336656935454,ML_Model,7.221336656935454,6.2,60.9%,36.4%,16.5%,5.5%,1.3%,0.2%,0.0%,0.0%,0.0%,0.0%
Dane Myers,OF,MIA,2700,7.212631065001871,ML_Model,7.212631065001871,5.6,60.9%,36.4%,16.5%,5.5%,1.3%,0.2%,0.0%,0.0%,0.0%,0.0%
Wilmer Flores,1B,SF,3600,7.212410193213087,ML_Model,7.212410193213087,1.5,60.9%,36.4%,16.5%,5.5%,1.3%,0.2%,0.0%,0.0%,0.0%,0.0%
Jordan Beck,OF,COL,3800,7.212136039919774,ML_Model,7.212136039919774,7.3,60.9%,36.4%,16.5%,5.5%,1.3%,0.2%,0.0%,0.0%,0.0%,0.0%
Bryce Teodosio,OF,LAA,3300,7.209903485974562,ML_Model,7.209903485974562,6.9,60.9%,36.4%,16.5%,5.5%,1.3%,0.2%,0.0%,0.0%,0.0%,0.0%
Jarren Duran,OF,BOS,5200,7.20665981985576,ML_Model,7.20665981985576,9.2,60.9%,36.3%,16.5%,5.5%,1.3%,0.2%,0.0%,0.0%,0.0%,0.0%
Ben Rortvedt,C,LAD,2100,7.1550016749970204,ML_Model,7.1550016749970204,1.5,60.6%,36.1%,16.3%,5.4%,1.3%,0.2%,0.0%,0.0%,0.0%,0.0%
Anthony Seigler,3B,MIL,2800,7.140341793947584,ML_Model,7.140341793947584,1.5,60.5%,36.0%,16.3%,5.4%,1.3%,0.2%,0.0%,0.0%,0.0%,0.0%
Sal Frelick,OF,MIL,4200,7.12197523652517,ML_Model,7.12197523652517,9.5,60.5%,36.0%,16.2%,5.4%,1.3%,0.2%,0.0%,0.0%,0.0%,0.0%
Nate Eaton,OF,BOS,2600,7.108308254654416,ML_Model,7.108308254654416,6.9,60.4%,35.9%,16.2%,5.4%,1.3%,0.2%,0.0%,0.0%,0.0%,0.0%
Randy Arozarena,OF,SEA,5100,7.099702492790185,ML_Model,7.099702492790185,8.1,60.4%,35.8%,16.2%,5.3%,1.3%,0.2%,0.0%,0.0%,0.0%,0.0%
Ezequiel Tovar,SS,COL,3900,7.093890243062273,ML_Model,7.093890243062273,8.0,60.3%,35.8%,16.2%,5.3%,1.3%,0.2%,0.0%,0.0%,0.0%,0.0%
Danny Jansen,C,MIL,3200,7.089846198089771,ML_Model,7.089846198089771,1.5,60.3%,35.8%,16.1%,5.3%,1.3%,0.2%,0.0%,0.0%,0.0%,0.0%
Michael A. Taylor,OF,CWS,3000,7.086087261060668,ML_Model,7.086087261060668,1.5,60.3%,35.8%,16.1%,5.3%,1.3%,0.2%,0.0%,0.0%,0.0%,0.0%
Jonny DeLuca,OF,TB,2300,7.084418470727487,ML_Model,7.084418470727487,1.5,60.3%,35.8%,16.1%,5.3%,1.3%,0.2%,0.0%,0.0%,0.0%,0.0%
Heriberto Hernandez,OF,MIA,3100,7.074862590701879,ML_Model,7.074862590701879,7.4,60.2%,35.7%,16.1%,5.3%,1.3%,0.2%,0.0%,0.0%,0.0%,0.0%
Taylor Ward,OF,LAA,4600,7.044030661215803,ML_Model,7.044030661215803,8.2,60.1%,35.6%,16.0%,5.3%,1.2%,0.2%,0.0%,0.0%,0.0%,0.0%
Kyle Teel,C,CWS,3800,7.037552181025454,ML_Model,7.037552181025454,7.3,60.1%,35.6%,16.0%,5.3%,1.2%,0.2%,0.0%,0.0%,0.0%,0.0%
Masyn Winn,SS,STL,3400,7.030771150110478,ML_Model,7.030771150110478,1.5,60.0%,35.5%,16.0%,5.2%,1.2%,0.2%,0.0%,0.0%,0.0%,0.0%
Carter Jensen,C,KC,3100,7.027797685406023,ML_Model,7.027797685406023,7.8,60.0%,35.5%,15.9%,5.2%,1.2%,0.2%,0.0%,0.0%,0.0%,0.0%
Jose Altuve,2B,HOU,3900,7.023989524176746,ML_Model,7.023989524176746,7.2,60.0%,35.5%,15.9%,5.2%,1.2%,0.2%,0.0%,0.0%,0.0%,0.0%
Taylor Trammell,OF,HOU,2400,7.012921709814237,ML_Model,7.012921709814237,1.5,59.9%,35.4%,15.9%,5.2%,1.2%,0.2%,0.0%,0.0%,0.0%,0.0%
Eugenio Suarez,3B,SEA,4500,7.0,PPG_Projection,7.0,7.0,,,,,,,,,,
Connor Norby,3B,MIA,3500,6.99792934248016,ML_Model,6.99792934248016,6.7,59.9%,35.4%,15.9%,5.2%,1.2%,0.2%,0.0%,0.0%,0.0%,0.0%
Austin Martin,OF,MIN,3500,6.9943854346664125,ML_Model,6.9943854346664125,7.0,59.8%,35.4%,15.8%,5.2%,1.2%,0.2%,0.0%,0.0%,0.0%,0.0%
Cody Bellinger,OF,NYY,5100,6.989899370336559,ML_Model,6.989899370336559,8.4,59.8%,35.3%,15.8%,5.2%,1.2%,0.2%,0.0%,0.0%,0.0%,0.0%
Rowdy Tellez,1B,TEX,2700,6.979832398117798,ML_Model,6.979832398117798,1.5,59.8%,35.3%,15.8%,5.2%,1.2%,0.2%,0.0%,0.0%,0.0%,0.0%
Dominic Canzone,OF,SEA,3300,6.97941209435229,ML_Model,6.97941209435229,1.5,59.8%,35.3%,15.8%,5.2%,1.2%,0.2%,0.0%,0.0%,0.0%,0.0%
Cam Smith,OF,HOU,2900,6.959301317577258,ML_Model,6.959301317577258,1.5,59.7%,35.2%,15.7%,5.2%,1.2%,0.2%,0.0%,0.0%,0.0%,0.0%
Andy Pages,OF,LAD,3800,6.944541653345312,ML_Model,6.944541653345312,8.4,59.6%,35.1%,15.7%,5.1%,1.2%,0.2%,0.0%,0.0%,0.0%,0.0%
Mike Trout,OF,LAA,4800,6.923908254882004,ML_Model,6.923908254882004,9.6,59.5%,35.0%,15.6%,5.1%,1.2%,0.2%,0.0%,0.0%,0.0%,0.0%
Jordan Walker,OF,STL,2500,6.914012760044133,ML_Model,6.914012760044133,5.9,59.5%,35.0%,15.6%,5.1%,1.2%,0.2%,0.0%,0.0%,0.0%,0.0%
Bob Seymour,1B,TB,2800,6.892139360477471,ML_Model,6.892139360477471,1.5,59.3%,34.9%,15.5%,5.1%,1.2%,0.2%,0.0%,0.0%,0.0%,0.0%
Drew Gilbert,OF,SF,3400,6.851218127570277,ML_Model,6.851218127570277,4.7,59.1%,34.7%,15.4%,5.0%,1.2%,0.2%,0.0%,0.0%,0.0%,0.0%
Trevor Story,SS,BOS,5100,6.80439141905054,ML_Model,6.80439141905054,7.9,58.9%,34.5%,15.3%,5.0%,1.1%,0.2%,0.0%,0.0%,0.0%,0.0%
Derek Hill,OF,MIA,3500,6.7734686690956005,ML_Model,6.7734686690956005,1.5,58.8%,34.3%,15.2%,4.9%,1.1%,0.2%,0.0%,0.0%,0.0%,0.0%
Cody Freeman,2B,TEX,2900,6.763778469504997,ML_Model,6.763778469504997,6.3,58.7%,34.3%,15.2%,4.9%,1.1%,0.2%,0.0%,0.0%,0.0%,0.0%
Michael Helman,OF,TEX,3800,6.738724293924932,ML_Model,6.738724293924932,1.5,58.6%,34.2%,15.1%,4.9%,1.1%,0.2%,0.0%,0.0%,0.0%,0.0%
Romy Gonzalez,1B,BOS,4200,6.7231090720335285,ML_Model,6.7231090720335285,6.6,58.5%,34.1%,15.0%,4.8%,1.1%,0.2%,0.0%,0.0%,0.0%,0.0%
Nolan Jones,OF,CLE,2300,6.722897045944989,ML_Model,6.722897045944989,2.2,58.5%,34.1%,15.0%,4.8%,1.1%,0.2%,0.0%,0.0%,0.0%,0.0%
Victor Robles,OF,SEA,3000,6.701197328984568,ML_Model,6.701197328984568,6.5,58.4%,34.0%,15.0%,4.8%,1.1%,0.2%,0.0%,0.0%,0.0%,0.0%
Colson Montgomery,SS,CWS,4300,6.697660729373273,ML_Model,6.697660729373273,7.1,58.4%,34.0%,15.0%,4.8%,1.1%,0.2%,0.0%,0.0%,0.0%,0.0%
Christian Koss,2B,SF,2400,6.607428541798498,ML_Model,6.607428541798498,1.5,58.0%,33.6%,14.7%,4.7%,1.1%,0.2%,0.0%,0.0%,0.0%,0.0%
Lars Nootbaar,OF,STL,3600,6.601524823629147,ML_Model,6.601524823629147,7.0,57.9%,33.5%,14.7%,4.7%,1.1%,0.2%,0.0%,0.0%,0.0%,0.0%
Tyler Freeman,2B,COL,3900,6.553193885588755,ML_Model,6.553193885588755,9.2,57.7%,33.3%,14.6%,4.6%,1.1%,0.2%,0.0%,0.0%,0.0%,0.0%
Braxton Fulford,C,COL,3100,6.548139982059632,ML_Model,6.548139982059632,1.5,57.7%,33.3%,14.5%,4.6%,1.1%,0.2%,0.0%,0.0%,0.0%,0.0%
Ernie Clement,2B,TOR,3200,6.546580230233106,ML_Model,6.546580230233106,6.7,57.7%,33.3%,14.5%,4.6%,1.1%,0.2%,0.0%,0.0%,0.0%,0.0%
Addison Barger,3B,TOR,4500,6.542496596196351,ML_Model,6.542496596196351,6.8,57.6%,33.3%,14.5%,4.6%,1.1%,0.2%,0.0%,0.0%,0.0%,0.0%
Luke Keaschall,2B,MIN,4700,6.514299400096142,ML_Model,6.514299400096142,7.5,57.5%,33.2%,14.4%,4.6%,1.0%,0.2%,0.0%,0.0%,0.0%,0.0%
Jake McCarthy,OF,ARI,2800,6.51268896624461,ML_Model,6.51268896624461,6.5,57.5%,33.1%,14.4%,4.6%,1.0%,0.2%,0.0%,0.0%,0.0%,0.0%
Angel Martinez,OF,CLE,2500,6.5,PPG_Projection,6.5,6.5,,,,,,,,,,
Andruw Monasterio,SS,MIL,3000,6.438956417021275,ML_Model,6.438956417021275,1.5,57.1%,32.8%,14.2%,4.5%,1.0%,0.2%,0.0%,0.0%,0.0%,0.0%
Ryan Ritter,2B,COL,2800,6.429315302517966,ML_Model,6.429315302517966,6.7,57.1%,32.8%,14.2%,4.5%,1.0%,0.2%,0.0%,0.0%,0.0%,0.0%
Oswald Peraza,1B,LAA,3200,6.396445735592725,ML_Model,6.396445735592725,1.5,56.9%,32.6%,14.1%,4.5%,1.0%,0.2%,0.0%,0.0%,0.0%,0.0%
Michael Massey,2B,KC,2300,6.382998696331136,ML_Model,6.382998696331136,6.7,56.9%,32.6%,14.1%,4.4%,1.0%,0.2%,0.0%,0.0%,0.0%,0.0%
Curtis Mead,1B,CWS,2400,6.369512510900827,ML_Model,6.369512510900827,1.5,56.8%,32.5%,14.0%,4.4%,1.0%,0.2%,0.0%,0.0%,0.0%,0.0%
Mike Yastrzemski,OF,KC,3900,6.327096947666843,ML_Model,6.327096947666843,6.7,56.6%,32.3%,13.9%,4.4%,1.0%,0.2%,0.0%,0.0%,0.0%,0.0%
Sam Haggerty,OF,TEX,3400,6.288542714282014,ML_Model,6.288542714282014,1.5,56.4%,32.1%,13.8%,4.3%,1.0%,0.2%,0.0%,0.0%,0.0%,0.0%
Blake Perkins,OF,MIL,3700,6.277135281190941,ML_Model,6.277135281190941,1.5,56.3%,32.1%,13.8%,4.3%,1.0%,0.2%,0.0%,0.0%,0.0%,0.0%
Kyle Isbel,OF,KC,2500,6.261648946207693,ML_Model,6.261648946207693,1.5,56.3%,32.0%,13.7%,4.3%,1.0%,0.2%,0.0%,0.0%,0.0%,0.0%
Gunnar Henderson,SS,BAL,4800,6.257102498479712,ML_Model,6.257102498479712,8.3,56.2%,32.0%,13.7%,4.3%,1.0%,0.1%,0.0%,0.0%,0.0%,0.0%
Jesus Sanchez,OF,HOU,3300,6.2,PPG_Projection,6.2,6.2,,,,,,,,,,
Amed Rosario,2B,NYY,3500,6.186887644262329,ML_Model,6.186887644262329,1.5,55.9%,31.7%,13.5%,4.2%,0.9%,0.1%,0.0%,0.0%,0.0%,0.0%
Andrew Knizner,C,SF,2100,6.139503677692066,ML_Model,6.139503677692066,1.5,55.7%,31.5%,13.4%,4.2%,0.9%,0.1%,0.0%,0.0%,0.0%,0.0%
Warming Bernabel,1B,COL,3700,6.136349126516292,ML_Model,6.136349126516292,1.5,55.6%,31.5%,13.4%,4.2%,0.9%,0.1%,0.0%,0.0%,0.0%,0.0%
Edmundo Sosa,2B,PHI,2400,6.1065740516877,ML_Model,6.1065740516877,1.5,55.5%,31.3%,13.3%,4.1%,0.9%,0.1%,0.0%,0.0%,0.0%,0.0%
Gavin Sheets,1B,SD,3600,6.1015308824143375,ML_Model,6.1015308824143375,7.8,55.5%,31.3%,13.3%,4.1%,0.9%,0.1%,0.0%,0.0%,0.0%,0.0%
Edouard Julien,1B,MIN,2400,6.048798580380757,ML_Model,6.048798580380757,1.5,55.2%,31.1%,13.2%,4.1%,0.9%,0.1%,0.0%,0.0%,0.0%,0.0%
Brooks Baldwin,OF,CWS,2900,6.03462657149792,ML_Model,6.03462657149792,6.0,55.1%,31.0%,13.1%,4.0%,0.9%,0.1%,0.0%,0.0%,0.0%,0.0%
Ben Rice,1B,NYY,4400,6.00941839346462,ML_Model,6.00941839346462,7.6,55.0%,30.9%,13.1%,4.0%,0.9%,0.1%,0.0%,0.0%,0.0%,0.0%
Mitch Garver,C,SEA,2600,5.958008825629971,ML_Model,5.958008825629971,5.4,54.8%,30.7%,12.9%,4.0%,0.9%,0.1%,0.0%,0.0%,0.0%,0.0%
Colton Cowser,OF,BAL,3400,5.950867914789155,ML_Model,5.950867914789155,1.5,54.7%,30.6%,12.9%,4.0%,0.9%,0.1%,0.0%,0.0%,0.0%,0.0%
Victor Caratini,C,HOU,3000,5.934793350674122,ML_Model,5.934793350674122,1.5,54.7%,30.6%,12.9%,3.9%,0.9%,0.1%,0.0%,0.0%,0.0%,0.0%
Lenyn Sosa,1B,CWS,3400,5.933774945222666,ML_Model,5.933774945222666,6.4,54.6%,30.6%,12.9%,3.9%,0.9%,0.1%,0.0%,0.0%,0.0%,0.0%
Miguel Vargas,1B,CWS,3900,5.931612583213434,ML_Model,5.931612583213434,6.2,54.6%,30.6%,12.8%,3.9%,0.9%,0.1%,0.0%,0.0%,0.0%,0.0%
Carlos Narvaez,C,BOS,3400,5.9,PPG_Projection,5.9,5.9,,,,,,,,,,
Isaac Paredes,3B,HOU,3200,5.898190884589196,ML_Model,5.898190884589196,6.8,54.5%,30.4%,12.8%,3.9%,0.8%,0.1%,0.0%,0.0%,0.0%,0.0%
Daniel Schneemann,2B,CLE,3500,5.872122705815216,ML_Model,5.872122705815216,6.5,54.3%,30.3%,12.7%,3.9%,0.8%,0.1%,0.0%,0.0%,0.0%,0.0%
Rafael Devers,1B,SF,5400,5.867863216183368,ML_Model,5.867863216183368,7.5,54.3%,30.3%,12.7%,3.9%,0.8%,0.1%,0.0%,0.0%,0.0%,0.0%
Jonathan India,2B,KC,3200,5.839630255374536,ML_Model,5.839630255374536,1.5,54.2%,30.2%,12.6%,3.8%,0.8%,0.1%,0.0%,0.0%,0.0%,0.0%
Dylan Beavers,OF,BAL,3100,5.837754796275364,ML_Model,5.837754796275364,1.5,54.2%,30.1%,12.6%,3.8%,0.8%,0.1%,0.0%,0.0%,0.0%,0.0%
Dylan Carlson,OF,BAL,2500,5.835302783795225,ML_Model,5.835302783795225,5.5,54.2%,30.1%,12.6%,3.8%,0.8%,0.1%,0.0%,0.0%,0.0%,0.0%
Isaac Collins,OF,MIL,4100,5.788148545717707,ML_Model,5.788148545717707,7.2,53.9%,29.9%,12.5%,3.8%,0.8%,0.1%,0.0%,0.0%,0.0%,0.0%
Anthony Volpe,SS,NYY,3700,5.775179746930752,ML_Model,5.775179746930752,6.7,53.9%,29.9%,12.4%,3.8%,0.8%,0.1%,0.0%,0.0%,0.0%,0.0%
Max Muncy,3B,LAD,4500,5.736320381968824,ML_Model,5.736320381968824,7.8,53.7%,29.7%,12.3%,3.7%,0.8%,0.1%,0.0%,0.0%,0.0%,0.0%
Tommy Edman,2B,LAD,3900,5.711885095034611,ML_Model,5.711885095034611,7.5,53.5%,29.6%,12.3%,3.7%,0.8%,0.1%,0.0%,0.0%,0.0%,0.0%
Luke Maile,C,KC,2200,5.706225454283874,ML_Model,5.706225454283874,1.5,53.5%,29.6%,12.3%,3.7%,0.8%,0.1%,0.0%,0.0%,0.0%,0.0%
Dalton Rushing,C,LAD,2200,5.616995490671675,ML_Model,5.616995490671675,4.9,53.1%,29.2%,12.0%,3.6%,0.8%,0.1%,0.0%,0.0%,0.0%,0.0%
Joey Ortiz,SS,MIL,3000,5.615992974038583,ML_Model,5.615992974038583,5.5,53.1%,29.2%,12.0%,3.6%,0.8%,0.1%,0.0%,0.0%,0.0%,0.0%
Isiah Kiner-Falefa,3B,TOR,2100,5.612653467562009,ML_Model,5.612653467562009,5.8,53.1%,29.2%,12.0%,3.6%,0.8%,0.1%,0.0%,0.0%,0.0%,0.0%
Casey Schmitt,2B,SF,3300,5.601229037361384,ML_Model,5.601229037361384,5.8,53.0%,29.1%,12.0%,3.6%,0.8%,0.1%,0.0%,0.0%,0.0%,0.0%
C.J. Kayfus,1B,CLE,3400,5.521657423085717,ML_Model,5.521657423085717,2.2,52.6%,28.8%,11.8%,3.5%,0.7%,0.1%,0.0%,0.0%,0.0%,0.0%
Pedro Pages,C,STL,2800,5.5,PPG_Projection,5.5,5.5,,,,,,,,,,
Steven Kwan,OF,CLE,3800,5.4676539709056335,ML_Model,5.4676539709056335,7.4,52.3%,28.6%,11.7%,3.5%,0.7%,0.1%,0.0%,0.0%,0.0%,0.0%
Alek Thomas,OF,ARI,2400,5.414698176481245,ML_Model,5.414698176481245,6.8,52.1%,28.3%,11.5%,3.4%,0.7%,0.1%,0.0%,0.0%,0.0%,0.0%
Michael Toglia,1B,COL,3000,5.301974987065116,ML_Model,5.301974987065116,1.5,51.5%,27.9%,11.3%,3.3%,0.7%,0.1%,0.0%,0.0%,0.0%,0.0%
Joey Wiemer,OF,MIA,3000,5.287854194665107,ML_Model,5.287854194665107,6.2,51.4%,27.8%,11.2%,3.3%,0.7%,0.1%,0.0%,0.0%,0.0%,0.0%
Bryce Eldridge,1B,SF,2300,5.2,PPG_Projection,5.2,5.2,,,,,,,,,,
Will Robertson,OF,CWS,2100,5.191066286266873,ML_Model,5.191066286266873,1.5,51.0%,27.4%,11.0%,3.2%,0.7%,0.1%,0.0%,0.0%,0.0%,0.0%
Rhys Hoskins,1B,MIL,3400,5.187485919447517,ML_Model,5.187485919447517,1.5,50.9%,27.4%,11.0%,3.2%,0.7%,0.1%,0.0%,0.0%,0.0%,0.0%
Royce Lewis,3B,MIN,3400,5.162220298454376,ML_Model,5.162220298454376,7.0,50.8%,27.3%,10.9%,3.2%,0.7%,0.1%,0.0%,0.0%,0.0%,0.0%
Luis Rengifo,2B,LAA,3600,5.160519962759684,ML_Model,5.160519962759684,1.5,50.8%,27.3%,10.9%,3.2%,0.7%,0.1%,0.0%,0.0%,0.0%,0.0%
Tyler O'Neill,OF,BAL,4100,4.904676359536836,ML_Model,4.904676359536836,7.7,49.5%,26.2%,10.3%,3.0%,0.6%,0.1%,0.0%,0.0%,0.0%,0.0%
Johan Rojas,OF,PHI,2100,4.805879562837545,ML_Model,4.805879562837545,1.5,49.0%,25.8%,10.1%,2.9%,0.6%,0.1%,0.0%,0.0%,0.0%,0.0%
Edgar Quero,C,CWS,3500,4.794499521960441,ML_Model,4.794499521960441,5.9,49.0%,25.8%,10.1%,2.9%,0.6%,0.1%,0.0%,0.0%,0.0%,0.0%
Jeremiah Jackson,3B,BAL,3900,4.778708927151662,ML_Model,4.778708927151662,6.2,48.9%,25.7%,10.1%,2.9%,0.6%,0.1%,0.0%,0.0%,0.0%,0.0%
Hunter Goodman,C,COL,5100,4.751476618743255,ML_Model,4.751476618743255,9.3,48.8%,25.6%,10.0%,2.8%,0.6%,0.1%,0.0%,0.0%,0.0%,0.0%
Alec Burleson,1B,STL,4300,4.66230355165479,ML_Model,4.66230355165479,7.6,48.3%,25.2%,9.8%,2.8%,0.6%,0.1%,0.0%,0.0%,0.0%,0.0%
Steward Berroa,OF,MIL,2500,4.643687878662163,ML_Model,4.643687878662163,1.5,48.2%,25.2%,9.8%,2.7%,0.5%,0.1%,0.0%,0.0%,0.0%,0.0%
Masataka Yoshida,OF,BOS,3300,4.494764287394149,ML_Model,4.494764287394149,7.3,47.5%,24.6%,9.5%,2.6%,0.5%,0.1%,0.0%,0.0%,0.0%,0.0%
Lourdes Gurriel Jr.,OF,ARI,3900,4.465090427883155,ML_Model,4.465090427883155,1.5,47.3%,24.5%,9.4%,2.6%,0.5%,0.1%,0.0%,0.0%,0.0%,0.0%
Luis Matos,OF,SF,2900,4.438217777511259,ML_Model,4.438217777511259,1.5,47.2%,24.3%,9.3%,2.6%,0.5%,0.1%,0.0%,0.0%,0.0%,0.0%
William Contreras,C,MIL,4900,4.386814816619308,ML_Model,4.386814816619308,7.7,46.9%,24.1%,9.2%,2.5%,0.5%,0.1%,0.0%,0.0%,0.0%,0.0%
Gabriel Arias,SS,CLE,2600,4.371957527678795,ML_Model,4.371957527678795,6.1,46.9%,24.1%,9.2%,2.5%,0.5%,0.1%,0.0%,0.0%,0.0%,0.0%
Josh Lowe,OF,TB,4100,4.336098899549757,ML_Model,4.336098899549757,6.4,46.7%,23.9%,9.1%,2.5%,0.5%,0.1%,0.0%,0.0%,0.0%,0.0%
J.C. Escarra,C,NYY,2400,4.253315820696948,ML_Model,4.253315820696948,1.5,46.3%,23.6%,9.0%,2.5%,0.5%,0.1%,0.0%,0.0%,0.0%,0.0%
Alex Call,OF,LAD,2900,4.190562310531474,ML_Model,4.190562310531474,1.5,46.0%,23.4%,8.8%,2.4%,0.5%,0.1%,0.0%,0.0%,0.0%,0.0%
Tyler Locklear,1B,ARI,2200,4.185509502835837,ML_Model,4.185509502835837,1.5,45.9%,23.4%,8.8%,2.4%,0.5%,0.1%,0.0%,0.0%,0.0%,0.0%
Nathaniel Lowe,1B,BOS,4200,4.139654793218368,ML_Model,4.139654793218368,7.3,45.7%,23.2%,8.7%,2.4%,0.5%,0.1%,0.0%,0.0%,0.0%,0.0%
Jorge Mateo,OF,BAL,2700,4.133556596688402,ML_Model,4.133556596688402,1.5,45.7%,23.2%,8.7%,2.4%,0.5%,0.1%,0.0%,0.0%,0.0%,0.0%
Brandon Lockridge,OF,MIL,2900,4.119275822592911,ML_Model,4.119275822592911,1.5,45.6%,23.1%,8.7%,2.4%,0.5%,0.1%,0.0%,0.0%,0.0%,0.0%
Ceddanne Rafaela,OF,BOS,3500,4.107174892479458,ML_Model,4.107174892479458,6.5,45.6%,23.1%,8.7%,2.3%,0.5%,0.1%,0.0%,0.0%,0.0%,0.0%
Paul Goldschmidt,1B,NYY,3400,4.093059686892114,ML_Model,4.093059686892114,1.5,45.5%,23.0%,8.6%,2.3%,0.4%,0.1%,0.0%,0.0%,0.0%,0.0%
Leo Rivas,2B,SEA,3600,4.079021373316202,ML_Model,4.079021373316202,1.5,45.4%,23.0%,8.6%,2.3%,0.4%,0.1%,0.0%,0.0%,0.0%,0.0%
Bryan Ramos,3B,CWS,2600,4.0753815700561695,ML_Model,4.0753815700561695,1.5,45.4%,22.9%,8.6%,2.3%,0.4%,0.1%,0.0%,0.0%,0.0%,0.0%
Jose Iglesias,SS,SD,2400,4.025886827078187,ML_Model,4.025886827078187,1.5,45.2%,22.8%,8.5%,2.3%,0.4%,0.1%,0.0%,0.0%,0.0%,0.0%
Trevor Larnach,OF,MIN,3800,4.0106684004182345,ML_Model,4.0106684004182345,6.9,45.1%,22.7%,8.5%,2.3%,0.4%,0.1%,0.0%,0.0%,0.0%,0.0%
Tyler Tolbert,OF,KC,2100,3.9491079828271927,ML_Model,3.9491079828271927,1.5,44.8%,22.5%,8.4%,2.2%,0.4%,0.1%,0.0%,0.0%,0.0%,0.0%
Donovan Walton,2B,PHI,2200,3.945621636099694,ML_Model,3.945621636099694,1.5,44.8%,22.5%,8.4%,2.2%,0.4%,0.1%,0.0%,0.0%,0.0%,0.0%
Maximo Acosta,2B,MIA,3300,3.9137446881460063,ML_Model,3.9137446881460063,1.5,44.6%,22.3%,8.3%,2.2%,0.4%,0.1%,0.0%,0.0%,0.0%,0.0%
Ketel Marte,2B,ARI,5800,3.911923927601847,ML_Model,3.911923927601847,9.7,44.6%,22.3%,8.3%,2.2%,0.4%,0.1%,0.0%,0.0%,0.0%,0.0%
Heliot Ramos,OF,SF,3800,3.904858099173822,ML_Model,3.904858099173822,6.7,44.6%,22.3%,8.3%,2.2%,0.4%,0.1%,0.0%,0.0%,0.0%,0.0%
Brandon Lowe,2B,TB,5200,3.883749131636255,ML_Model,3.883749131636255,6.8,44.5%,22.2%,8.2%,2.2%,0.4%,0.1%,0.0%,0.0%,0.0%,0.0%
Travis d'Arnaud,C,LAA,3100,3.872065725469697,ML_Model,3.872065725469697,1.5,44.4%,22.2%,8.2%,2.2%,0.4%,0.1%,0.0%,0.0%,0.0%,0.0%
Nolan Arenado,3B,STL,3500,3.792935028007444,ML_Model,3.792935028007444,6.6,44.0%,21.9%,8.1%,2.1%,0.4%,0.1%,0.0%,0.0%,0.0%,0.0%
Kyle Karros,3B,COL,3300,3.7466896444748095,ML_Model,3.7466896444748095,6.5,43.8%,21.7%,8.0%,2.1%,0.4%,0.1%,0.0%,0.0%,0.0%,0.0%
Adam Frazier,2B,KC,3000,3.6925709845243686,ML_Model,3.6925709845243686,6.0,43.5%,21.5%,7.9%,2.1%,0.4%,0.1%,0.0%,0.0%,0.0%,0.0%
Thairo Estrada,2B,COL,4400,3.689795260336103,ML_Model,3.689795260336103,1.5,43.5%,21.5%,7.9%,2.1%,0.4%,0.1%,0.0%,0.0%,0.0%,0.0%
Nolan Gorman,1B,STL,3300,3.667408500361356,ML_Model,3.667408500361356,1.5,43.4%,21.4%,7.8%,2.1%,0.4%,0.0%,0.0%,0.0%,0.0%,0.0%
Ty France,1B,TOR,2600,3.576194881308543,ML_Model,3.576194881308543,6.4,42.9%,21.1%,7.7%,2.0%,0.4%,0.0%,0.0%,0.0%,0.0%,0.0%
Yordan Alvarez,OF,HOU,4600,3.575718185467741,ML_Model,3.575718185467741,1.5,42.9%,21.1%,7.7%,2.0%,0.4%,0.0%,0.0%,0.0%,0.0%,0.0%
Adrian Del Castillo,C,ARI,2700,3.5660253172997374,ML_Model,3.5660253172997374,1.5,42.9%,21.1%,7.6%,2.0%,0.4%,0.0%,0.0%,0.0%,0.0%,0.0%
Alejandro Kirk,C,TOR,3600,3.555519697008037,ML_Model,3.555519697008037,7.0,42.8%,21.0%,7.6%,2.0%,0.4%,0.0%,0.0%,0.0%,0.0%,0.0%
Richie Palacios,1B,TB,3200,3.541721133049647,ML_Model,3.541721133049647,1.5,42.8%,21.0%,7.6%,2.0%,0.4%,0.0%,0.0%,0.0%,0.0%,0.0%
Trent Grisham,OF,NYY,4500,3.5270571231223107,ML_Model,3.5270571231223107,7.4,42.7%,20.9%,7.6%,2.0%,0.4%,0.0%,0.0%,0.0%,0.0%,0.0%
Josh Jung,3B,TEX,3500,3.504501668964181,ML_Model,3.504501668964181,7.4,42.6%,20.8%,7.5%,2.0%,0.4%,0.0%,0.0%,0.0%,0.0%,0.0%
Brenton Doyle,OF,COL,3800,3.464621158727988,ML_Model,3.464621158727988,8.6,42.4%,20.7%,7.5%,1.9%,0.4%,0.0%,0.0%,0.0%,0.0%,0.0%
Samuel Basallo,C,BAL,3000,3.391501390388744,ML_Model,3.391501390388744,1.5,42.0%,20.4%,7.3%,1.9%,0.3%,0.0%,0.0%,0.0%,0.0%,0.0%
Aaron Judge,OF,NYY,6500,3.3804490833537355,ML_Model,3.3804490833537355,11.8,42.0%,20.4%,7.3%,1.9%,0.3%,0.0%,0.0%,0.0%,0.0%,0.0%
Javier Sanoja,2B,MIA,2900,3.370518839670183,ML_Model,3.370518839670183,1.5,41.9%,20.4%,7.3%,1.9%,0.3%,0.0%,0.0%,0.0%,0.0%,0.0%
Mike Tauchman,OF,CWS,3700,3.3298335235221725,ML_Model,3.3298335235221725,6.9,41.7%,20.2%,7.2%,1.9%,0.3%,0.0%,0.0%,0.0%,0.0%,0.0%
Liam Hicks,1B,MIA,2600,3.296263287329569,ML_Model,3.296263287329569,1.5,41.6%,20.1%,7.2%,1.8%,0.3%,0.0%,0.0%,0.0%,0.0%,0.0%
Kyle Higashioka,C,TEX,3100,3.2643877625697,ML_Model,3.2643877625697,1.5,41.4%,20.0%,7.1%,1.8%,0.3%,0.0%,0.0%,0.0%,0.0%,0.0%
Pavin Smith,1B,ARI,2900,3.2340561904624585,ML_Model,3.2340561904624585,1.5,41.3%,19.9%,7.1%,1.8%,0.3%,0.0%,0.0%,0.0%,0.0%,0.0%
Ryan Mountcastle,1B,BAL,2800,3.1775994692176988,ML_Model,3.1775994692176988,7.4,41.0%,19.7%,7.0%,1.8%,0.3%,0.0%,0.0%,0.0%,0.0%,0.0%
Jonah Heim,C,TEX,2600,3.1188705779696826,ML_Model,3.1188705779696826,6.3,40.7%,19.5%,6.9%,1.7%,0.3%,0.0%,0.0%,0.0%,0.0%,0.0%
Dylan Moore,2B,TEX,2800,3.1033923156237955,ML_Model,3.1033923156237955,1.5,40.6%,19.4%,6.8%,1.7%,0.3%,0.0%,0.0%,0.0%,0.0%,0.0%
Alec Bohm,3B,PHI,3200,3.098061155972989,ML_Model,3.098061155972989,7.1,40.6%,19.4%,6.8%,1.7%,0.3%,0.0%,0.0%,0.0%,0.0%,0.0%
Adley Rutschman,C,BAL,3700,3.077375125048649,ML_Model,3.077375125048649,1.5,40.5%,19.3%,6.8%,1.7%,0.3%,0.0%,0.0%,0.0%,0.0%,0.0%
Ben Williamson,3B,SEA,2700,3.067269364641521,ML_Model,3.067269364641521,1.5,40.5%,19.3%,6.8%,1.7%,0.3%,0.0%,0.0%,0.0%,0.0%,0.0%
Ryan O'Hearn,1B,SD,3800,3.0299061335351096,ML_Model,3.0299061335351096,7.9,40.3%,19.2%,6.7%,1.7%,0.3%,0.0%,0.0%,0.0%,0.0%,0.0%
Grant McCray,OF,SF,2200,2.9312584599584754,ML_Model,2.9312584599584754,1.5,39.8%,18.8%,6.6%,1.6%,0.3%,0.0%,0.0%,0.0%,0.0%,0.0%
Esteury Ruiz,OF,LAD,2400,2.806484398638825,ML_Model,2.806484398638825,1.5,39.2%,18.4%,6.4%,1.6%,0.3%,0.0%,0.0%,0.0%,0.0%,0.0%
Brooks Lee,SS,MIN,3100,2.5998557780380858,ML_Model,2.5998557780380858,2.3,38.2%,17.7%,6.1%,1.5%,0.3%,0.0%,0.0%,0.0%,0.0%,0.0%
Logan O'Hoppe,C,LAA,3900,2.5306850924574267,ML_Model,2.5306850924574267,7.5,37.9%,17.5%,6.0%,1.4%,0.2%,0.0%,0.0%,0.0%,0.0%,0.0%
Victor Scott II,OF,STL,2600,2.2518454610186094,ML_Model,2.2518454610186094,6.2,36.6%,16.6%,5.6%,1.3%,0.2%,0.0%,0.0%,0.0%,0.0%,0.0%
Austin Slater,OF,NYY,3200,1.974735015278981,ML_Model,1.974735015278981,1.5,35.3%,15.8%,5.2%,1.2%,0.2%,0.0%,0.0%,0.0%,0.0%,0.0%
George Valera,OF,CLE,2300,1.9538083962775656,ML_Model,1.9538083962775656,5.5,35.2%,15.7%,5.1%,1.2%,0.2%,0.0%,0.0%,0.0%,0.0%,0.0%
Ramon Urias,2B,HOU,2700,1.5,PPG_Projection,1.5,1.5,,,,,,,,,,
Yanquiel Fernandez,OF,COL,2900,1.5,PPG_Projection,1.5,1.5,,,,,,,,,,
Cal Stevenson,OF,PHI,2300,1.5,PPG_Projection,1.5,1.5,,,,,,,,,,
Jasson Dominguez,OF,NYY,3800,1.5,PPG_Projection,1.5,1.5,,,,,,,,,,
Rafael Marchan,C,PHI,2100,1.5,PPG_Projection,1.5,1.5,,,,,,,,,,
Garrett Mitchell,OF,MIL,3300,1.5,PPG_Projection,1.5,1.5,,,,,,,,,,
Carson McCusker,OF,MIN,2000,1.5,PPG_Projection,1.5,1.5,,,,,,,,,,
Gary Sanchez,C,BAL,2700,1.5,PPG_Projection,1.5,1.5,,,,,,,,,,
Luis Vazquez,2B,BAL,2100,1.5,PPG_Projection,1.5,1.5,,,,,,,,,,
Zac Veen,OF,COL,2300,1.5,PPG_Projection,1.5,1.5,,,,,,,,,,
Kameron Misner,OF,TB,2700,1.5,PPG_Projection,1.5,1.5,,,,,,,,,,
Mauricio Dubon,2B,HOU,2300,1.5,PPG_Projection,1.5,1.5,,,,,,,,,,
Oswaldo Cabrera,3B,NYY,2800,1.5,PPG_Projection,1.5,1.5,,,,,,,,,,
Jose Caballero,3B,NYY,4200,1.5,PPG_Projection,1.5,1.5,,,,,,,,,,
Zach Dezenzo,OF,HOU,2400,1.5,PPG_Projection,1.5,1.5,,,,,,,,,,
Carter Kieboom,3B,LAA,2800,1.5,PPG_Projection,1.5,1.5,,,,,,,,,,
Kike Hernandez,3B,LAD,2800,1.5,PPG_Projection,1.5,1.5,,,,,,,,,,
Griffin Conine,OF,MIA,2900,1.5,PPG_Projection,1.5,1.5,,,,,,,,,,
Rhylan Thomas,OF,SEA,2400,1.5,PPG_Projection,1.5,1.5,,,,,,,,,,
Elias Diaz,C,SD,2200,1.5,PPG_Projection,1.5,1.5,,,,,,,,,,
Ryan Bliss,2B,SEA,2100,1.5,PPG_Projection,1.5,1.5,,,,,,,,,,
Chuckie Robinson,C,LAD,2200,1.5,PPG_Projection,1.5,1.5,,,,,,,,,,
Jose Fermin,2B,STL,2500,1.5,PPG_Projection,1.5,1.5,,,,,,,,,,
Sebastian Rivero,C,LAA,2900,1.5,PPG_Projection,1.5,1.5,,,,,,,,,,
Drew Waters,OF,KC,2900,0.7685707984187687,ML_Model,0.7685707984187687,1.5,29.8%,12.4%,3.8%,0.8%,0.1%,0.0%,0.0%,0.0%,0.0%,0.0%
Brian Navarreto,C,MIA,2100,0.6180206401810406,ML_Model,0.6180206401810406,1.5,29.2%,12.0%,3.6%,0.8%,0.1%,0.0%,0.0%,0.0%,0.0%,0.0%
Dustin Harris,OF,TEX,2900,0.4444761465711353,ML_Model,0.4444761465711353,1.5,28.5%,11.6%,3.4%,0.7%,0.1%,0.0%,0.0%,0.0%,0.0%,0.0%
Carson Williams,SS,TB,3100,0.2172012909622183,ML_Model,0.2172012909622183,6.8,27.5%,11.1%,3.2%,0.7%,0.1%,0.0%,0.0%,0.0%,0.0%,0.0%
Adael Amador,2B,COL,2200,0.0,ML_Model,0.0,1.5,26.6%,10.6%,3.0%,0.6%,0.1%,0.0%,0.0%,0.0%,0.0%,0.0%
Korey Lee,C,CWS,2500,0.0,ML_Model,0.0,1.5,26.6%,10.6%,3.0%,0.6%,0.1%,0.0%,0.0%,0.0%,0.0%,0.0%
